City_Rent,Type,State_Rent,Zip_code,Bedroom_Info,Full_Address,Rent_link,Bath_Info,Square_Feet_Data,Square_Feet,Lease_length,Availability_check,4 Beds,3 Beds,4+ Beds,2 Beds,1 Bed,Studio
10231 Lotus Ct,Houses,Stanton,CA,"[{'bedroom_type': '4 Beds', 'price': '$3,000'}]","Stanton, CA 90680",https://www.apartments.com/10231-lotus-ct-stanton-ca/3s6v3qf/,3 BAs,"1,616 Sq Ft","1,616",,Available Now,"$3,000",,,,,
16960 Mockingbird Canyon Rd,Houses,Riverside,CA,"[{'bedroom_type': '3 Beds', 'price': '$2,500'}]","Riverside, CA 92504",https://www.apartments.com/16960-mockingbird-canyon-rd-riverside-ca/2bly6gb/,3 BAs,"2,452 Sq Ft","2,452",,Available Now,,"$2,500",,,,
22831 Montanya Pl,Houses,Murrieta,CA,"[{'bedroom_type': '4+ Beds', 'price': '$2,995'}]","Murrieta, CA 92562",https://www.apartments.com/22831-montanya-pl-murrieta-ca/zegpp5w/,4 BAs,"3,646 Sq Ft","3,646",,Available Now,,,"$2,995",,,
28051 Calle Casera,Houses,Menifee,CA,"[{'bedroom_type': '2 Beds', 'price': '$1,450'}]","Menifee, CA 92585",https://www.apartments.com/28051-calle-casera-menifee-ca/bvg81fc/,2 BAs,"1,101 Sq Ft","1,101",,Available Now,,,,"$1,450",,
2532 Northshore Ln,Houses,Westlake Village,CA,"[{'bedroom_type': '3 Beds', 'price': '$6,500'}]","Westlake Village, CA 91361",https://www.apartments.com/2532-northshore-ln-westlake-village-ca/7rkkl2z/,2 BAs,,,,Available Now,,"$6,500",,,,
1999 S Caliente Dr,Houses,Palm Springs,CA,"[{'bedroom_type': '3 Beds', 'price': '$7,000'}]","Palm Springs, CA 92264",https://www.apartments.com/1999-s-caliente-dr-palm-springs-ca/ffvd4nr/,3 BAs,"2,698 Sq Ft","2,698",,Available Now,,"$7,000",,,,
22808 Canyon View Dr,Houses,Corona,CA,"[{'bedroom_type': '3 Beds', 'price': '$2,600'}]","Corona, CA 92883",https://www.apartments.com/22808-canyon-view-dr-corona-ca/wlwyfdh/,3 BAs,"2,017 Sq Ft","2,017",,Available Now,,"$2,600",,,,
25 Highpoint,Houses,Rancho Santa Margarita,CA,"[{'bedroom_type': '4 Beds', 'price': '$4,800'}]","Rancho Santa Margarita, CA 92679",https://www.apartments.com/25-highpoint-rancho-santa-margarita-ca/6esklts/,3 BAs,"2,731 Sq Ft","2,731",,Available Now,"$4,800",,,,,
7841 Wild Rye St,Houses,Chino,CA,"[{'bedroom_type': '4 Beds', 'price': '$2,850'}]","Chino, CA 91708",https://www.apartments.com/7841-wild-rye-st-chino-ca/cflc84d/,4 BAs,"2,777 Sq Ft","2,777",,Available Now,"$2,850",,,,,
204 Corona Cir,Houses,Lake Arrowhead,CA,"[{'bedroom_type': '1 Bed', 'price': '$1,000'}]","Lake Arrowhead, CA 92352",https://www.apartments.com/204-corona-cir-lake-arrowhead-ca/qyjjr0x/,1 BA,400 Sq Ft,400,,Available Now,,,,,"$1,000",
7537 El Manor Rd,Houses,Hesperia,CA,"[{'bedroom_type': '4+ Beds', 'price': '$2,600'}]","Hesperia, CA 92344",https://www.apartments.com/7537-el-manor-rd-hesperia-ca/qlptrxw/,3 BAs,"3,420 Sq Ft","3,420",,Available Now,,,"$2,600",,,
Beverly Hills,Houses,CA,90211,"[{'bedroom_type': '4 Beds', 'price': '$10,500'}]","Beverly Hills, CA 90211",https://www.apartments.com/139-le-doux-rd-beverly-hills-ca/j5gjyz6/,5 BAs,"2,783 Sq Ft","2,783",12 Month Lease,Available Now,"$10,500",,,,,
1415 Skyline Dr,Houses,Laguna Beach,CA,"[{'bedroom_type': '4 Beds', 'price': '$8,700'}]","Laguna Beach, CA 92651",https://www.apartments.com/1415-skyline-dr-laguna-beach-ca/v24s1we/,4 BAs,"2,176 Sq Ft","2,176",,Available Now,"$8,700",,,,,
45612 Darling Way,Houses,Oakhurst,CA,"[{'bedroom_type': '4 Beds', 'price': '$1,900'}]","Oakhurst, CA 93644",https://www.apartments.com/45612-darling-way-oakhurst-ca/b8xc1f9/,2 BAs,"2,340 Sq Ft","2,340",,Available Now,"$1,900",,,,,
216 Wicker,Houses,Irvine,CA,"[{'bedroom_type': '4+ Beds', 'price': '$7,900'}]","Irvine, CA 92618",https://www.apartments.com/216-wicker-irvine-ca/3lps51d/,5 BAs,"2,439 Sq Ft","2,439",,Available Now,,,"$7,900",,,
33800 Black Mountain Rd,Houses,Temecula,CA,"[{'bedroom_type': '3 Beds', 'price': '$3,895'}]","Temecula, CA 92592",https://www.apartments.com/33800-black-mountain-rd-temecula-ca/vtk5rcg/,1 BA,"2,219 Sq Ft","2,219",,Available Now,,"$3,895",,,,
30522 Via Andalusia,Houses,San Juan Capistrano,CA,"[{'bedroom_type': '4+ Beds', 'price': '$7,500'}]","San Juan Capistrano, CA 92675",https://www.apartments.com/30522-via-andalusia-san-juan-capistrano-ca/ech41tm/,6 BAs,"6,196 Sq Ft","6,196",,Available Now,,,"$7,500",,,
40355 Vía Herradura,Houses,Murrieta,CA,"[{'bedroom_type': '3 Beds', 'price': '$3,300'}]","Murrieta, CA 92562",https://www.apartments.com/40355-via-herradura-murrieta-ca/85f5602/,2 BAs,"5,439 Sq Ft","5,439",,Available Now,,"$3,300",,,,
57312 Buena Suerte Rd,Houses,Yucca Valley,CA,"[{'bedroom_type': '4 Beds', 'price': '$3,000'}]","Yucca Valley, CA 92284",https://www.apartments.com/57312-buena-suerte-rd-yucca-valley-ca/dtdqm1h/,3 BAs,"2,175 Sq Ft","2,175",,Available Now,"$3,000",,,,,
7261 O'Donovan Rd,Houses,Creston,CA,"[{'bedroom_type': '4+ Beds', 'price': '$7,500'}]","Creston, CA 93432",https://www.apartments.com/7261-odonovan-rd-creston-ca/c1p0rne/,5 BAs,,,,Available Now,,,"$7,500",,,
29160 Arrowhead Dr,Houses,Lake Arrowhead,CA,"[{'bedroom_type': '1 Bed', 'price': '$1,350'}]","Lake Arrowhead, CA 92321",https://www.apartments.com/29160-arrowhead-dr-lake-arrowhead-ca/pbd71gv/,1 BA,,,,Available Now,,,,,"$1,350",
0 Uphill Rd,Houses,JOSHUA TREE,CA,"[{'bedroom_type': '3 Beds', 'price': '$35,000'}]","JOSHUA TREE, CA 92252",https://www.apartments.com/0-uphill-rd-joshua-tree-ca/f8bzr8r/,3 BAs,,,,Available Now,,"$35,000",,,,
34300 Holcomb Valley Rd,Houses,Fawnskin,CA,"[{'bedroom_type': '4 Beds', 'price': '$12,000'}]","Fawnskin, CA 92333",https://www.apartments.com/34300-holcomb-valley-rd-fawnskin-ca/mmbvkrh/,4 BAs,,,,Available Now,"$12,000",,,,,
27070 Malibu Cove Colony Dr,Houses,Malibu,CA,"[{'bedroom_type': '2 Beds', 'price': '$15,000'}]","Malibu, CA 90265",https://www.apartments.com/27070-malibu-cove-colony-dr-malibu-ca/2jg4ew8/,2 BAs,,,,Available Now,,,,"$15,000",,
13136 Elizabeth Lake Rd,Houses,Leona Valley,CA,"[{'bedroom_type': '4+ Beds', 'price': '$9,950'}]","Leona Valley, CA 93551",https://www.apartments.com/13136-elizabeth-lake-rd-leona-valley-ca/m1k9gpj/,6 BAs,,,,Available Now,,,"$9,950",,,
9241 Wood Rd,Houses,Forest Falls,CA,"[{'bedroom_type': '3 Beds', 'price': '$2,500'}]","Forest Falls, CA 92339",https://www.apartments.com/9241-wood-rd-forest-falls-ca/e15lx5m/,2 BAs,"1,320 Sq Ft","1,320",,Available Now,,"$2,500",,,,
22055 Rosary Ave,Houses,Nuevo,CA,"[{'bedroom_type': '3 Beds', 'price': '$2,500'}]","Nuevo, CA 92567",https://www.apartments.com/22055-rosary-ave-nuevo-ca/lxpe9eg/,2 BAs,"1,585 Sq Ft","1,585",,Available Now,,"$2,500",,,,
203 Arbona Cir S,Houses,Sonora,CA,"[{'bedroom_type': '3 Beds', 'price': '$1,650'}]","Sonora, CA 95370",https://www.apartments.com/203-arbona-cir-s-sonora-ca/qjy7jzx/,2 BAs,"1,640 Sq Ft","1,640",,Available Now,,"$1,650",,,,
2630 Colorado River Rd,Houses,Blythe,CA,"[{'bedroom_type': '3 Beds', 'price': '$3,250'}]","Blythe, CA 92225",https://www.apartments.com/2630-colorado-river-rd-blythe-ca/5yx9thq/,3 BAs,"2,450 Sq Ft","2,450",,Available Now,,"$3,250",,,,
49366 Canyon House Rd,Houses,Morongo Valley,CA,"[{'bedroom_type': 'Studio', 'price': '$650'}]","Morongo Valley, CA 92256",https://www.apartments.com/49366-canyon-house-rd-morongo-valley-ca/ejfcg3q/,1 BA,500 Sq Ft,500,,Available Now,,,,,,$650
2614 Buena Rosa,Houses,Fallbrook,CA,"[{'bedroom_type': '3 Beds', 'price': '$2,700'}]","Fallbrook, CA 92028",https://www.apartments.com/2614-buena-rosa-fallbrook-ca/rfb3z33/,2 BAs,"1,390 Sq Ft","1,390",,Available Now,,"$2,700",,,,
12532 Carmel Way,Houses,Santa Ana,CA,"[{'bedroom_type': '4+ Beds', 'price': '$8,495'}]","Santa Ana, CA 92705",https://www.apartments.com/12532-carmel-way-santa-ana-ca/ytl7mfr/,7 BAs,"4,985 Sq Ft","4,985",,Available Now,,,"$8,495",,,
316 Cibola St,Houses,Needles,CA,"[{'bedroom_type': '3 Beds', 'price': '$900'}]","Needles, CA 92363",https://www.apartments.com/316-cibola-st-needles-ca/q06hz1y/,2 BAs,"1,622 Sq Ft","1,622",,Available Now,,$900,,,,
2330 Indian Creek Rd,Houses,Diamond Bar,CA,"[{'bedroom_type': '4+ Beds', 'price': '$4,900'}]","Diamond Bar, CA 91765",https://www.apartments.com/2330-indian-creek-rd-diamond-bar-ca/r5e9zf2/,4 BAs,"3,888 Sq Ft","3,888",,Available Now,,,"$4,900",,,
4400 Encinal Canyon Rd,Houses,Malibu,CA,"[{'bedroom_type': '4+ Beds', 'price': '$45,000'}]","Malibu, CA 90265",https://www.apartments.com/4400-encinal-canyon-rd-malibu-ca/npv1ssm/,8 BAs,,,,Available Now,,,"$45,000",,,
21499 Ambushers St,Houses,Diamond Bar,CA,"[{'bedroom_type': '4 Beds', 'price': '$3,000'}]","Diamond Bar, CA 91765",https://www.apartments.com/21499-ambushers-st-diamond-bar-ca/0wme5f3/,3 BAs,"2,722 Sq Ft","2,722",,Available Now,"$3,000",,,,,
62 Linda Isle,Houses,Newport Beach,CA,"[{'bedroom_type': '4 Beds', 'price': '$22,500'}]","Newport Beach, CA 92660",https://www.apartments.com/62-linda-isle-newport-beach-ca/ymv2kht/,5 BAs,"5,655 Sq Ft","5,655",,Available Now,"$22,500",,,,,
3556 Serra Rd,Houses,Malibu,CA,"[{'bedroom_type': '4+ Beds', 'price': '$19,999'}]","Malibu, CA 90265",https://www.apartments.com/3556-serra-rd-malibu-ca/0t74dn2/,4 BAs,,,,Available Now,,,"$19,999",,,
24265 Zurich Dr,Houses,Crestline,CA,"[{'bedroom_type': '3 Beds', 'price': '$2,000'}]","Crestline, CA 92325",https://www.apartments.com/24265-zurich-dr-crestline-ca/x5kkl1n/,3 BAs,"1,500 Sq Ft","1,500",,Available Now,,"$2,000",,,,
Bodfish,Houses,CA,93205,"[{'bedroom_type': '2 Beds', 'price': '$1,125'}]","Bodfish, CA 93205",https://www.apartments.com/114-salaine-dr-bodfish-ca/7v2l64z/,2 BAs,"1,180 Sq Ft","1,180",12 Month Lease,Available Now,,,,"$1,125",,
Los Banos,Houses,CA,93635,"[{'bedroom_type': '4+ Beds', 'price': '$1,950'}]","Los Banos, CA 93635",https://www.apartments.com/1663-eucalyptus-ct-los-banos-ca/celr1ne/,3 BAs,"3,184 Sq Ft","3,184",12 Month Lease,Sep 1,,,"$1,950",,,
Desert Hot Springs,Houses,CA,92241,"[{'bedroom_type': '1 Bed', 'price': '$850'}]","Desert Hot Springs, CA 92241",https://www.apartments.com/70200-dillon-rd-desert-hot-springs-ca/4bstm8k/,1 BA,400 Sq Ft,400,1 Month Lease,Available Now,,,,,$850,
Twentynine Palms,Houses,CA,92277,"[{'bedroom_type': '3 Beds', 'price': '$1,675'}]","Twentynine Palms, CA 92277",https://www.apartments.com/67939-sullivan-rd-twentynine-palms-ca/p85rg5t/,1 BA,600 Sq Ft,600,1 Month Lease,Jul 21,,"$1,675",,,,
Fort Bragg,Houses,CA,95437,"[{'bedroom_type': '2 Beds', 'price': '$1,450'}]","Fort Bragg, CA 95437",https://www.apartments.com/420-n-harrison-st-fort-bragg-ca/dx3m6nh/,1 BA,"1,000 Sq Ft","1,000",12 Month Lease,Available Now,,,,"$1,450",,
8529 Nielson Rd,Houses,Phelan,CA,"[{'bedroom_type': '3 Beds', 'price': '$1,500'}]","Phelan, CA 92371",https://www.apartments.com/8529-nielson-rd-phelan-ca/t0s6js9/,2 BAs,,,,Available Now,,"$1,500",,,,
704 Cabada Dr,Houses,Brentwood,CA,"[{'bedroom_type': '4 Beds', 'price': '$3,775'}]","Brentwood, CA 94513",https://www.apartments.com/704-cabada-dr-brentwood-ca/vbbxfsg/,3 BAs,"3,146 Sq Ft","3,146",,Available Now,"$3,775",,,,,
51216 Longmeadow St,Houses,Indio,CA,"[{'bedroom_type': '2 Beds', 'price': '$4,200'}]","Indio, CA 92201",https://www.apartments.com/51216-longmeadow-st-indio-ca/4rkftsl/,2 BAs,"1,623 Sq Ft","1,623",,Available Now,,,,"$4,200",,
36 Cornell Dr,Houses,Rancho Mirage,CA,"[{'bedroom_type': '3 Beds', 'price': '$8,500'}]","Rancho Mirage, CA 92270",https://www.apartments.com/36-cornell-dr-rancho-mirage-ca/30bsycd/,3 BAs,"3,060 Sq Ft","3,060",,Available Now,,"$8,500",,,,
50265 Vía Amante,Houses,La Quinta,CA,"[{'bedroom_type': '3 Beds', 'price': '$4,500'}]","La Quinta, CA 92253",https://www.apartments.com/50265-via-amante-la-quinta-ca/whlhbql/,2 BAs,"3,278 Sq Ft","3,278",,Available Now,,"$4,500",,,,
26730 Silver Lakes Pkwy,Houses,Helendale,CA,"[{'bedroom_type': '3 Beds', 'price': '$1,700'}]","Helendale, CA 92342",https://www.apartments.com/26730-silver-lakes-pkwy-helendale-ca/pmqlr0v/,2 BAs,,,,Available Now,,"$1,700",,,,
18306 Flowering Plum Way,Houses,San Bernardino,CA,"[{'bedroom_type': '4 Beds', 'price': '$2,750'}]","San Bernardino, CA 92407",https://www.apartments.com/18306-flowering-plum-way-san-bernardino-ca/nvzcy1m/,3 BAs,"2,899 Sq Ft","2,899",,Available Now,"$2,750",,,,,
12192 Saxon Dr,Houses,Rancho Cucamonga,CA,"[{'bedroom_type': '4 Beds', 'price': '$3,000'}]","Rancho Cucamonga, CA 91739",https://www.apartments.com/12192-saxon-dr-rancho-cucamonga-ca/48vqchj/,3 BAs,"2,765 Sq Ft","2,765",,Available Now,"$3,000",,,,,
4137 Duke Dr,Houses,Yorba Linda,CA,"[{'bedroom_type': '4+ Beds', 'price': '$6,999'}]","Yorba Linda, CA 92886",https://www.apartments.com/4137-duke-dr-yorba-linda-ca/76tpglw/,6 BAs,"4,969 Sq Ft","4,969",,Available Now,,,"$6,999",,,
22576 Inspiration Point,Houses,Canyon Lake,CA,"[{'bedroom_type': '2 Beds', 'price': '$2,100'}]","Canyon Lake, CA 92587",https://www.apartments.com/22576-inspiration-point-canyon-lake-ca/6dntvhs/,1 BA,"1,200 Sq Ft","1,200",,Available Now,,,,"$2,100",,
200 Harmony Ranch Rd,Houses,Harmony,CA,"[{'bedroom_type': '4 Beds', 'price': '$15,000'}]","Harmony, CA 93435",https://www.apartments.com/200-harmony-ranch-rd-harmony-ca/dbzeyck/,3 BAs,"3,000 Sq Ft","3,000",,Available Now,"$15,000",,,,,
18125 Hidden Valley Rd,Houses,Hidden Valley Lake,CA,"[{'bedroom_type': '3 Beds', 'price': '$1,700'}]","Hidden Valley Lake, CA 95467",https://www.apartments.com/18125-hidden-valley-rd-hidden-valley-lake-ca/bd0pv9b/,2 BAs,"2,249 Sq Ft","2,249",,Available Now,,"$1,700",,,,
2033 Rio Vista,Houses,Needles,CA,"[{'bedroom_type': '3 Beds', 'price': '$1,000'}]","Needles, CA 92363",https://www.apartments.com/2033-rio-vista-needles-ca/p9r5v7v/,2 BAs,"1,200 Sq Ft","1,200",,Available Now,,"$1,000",,,,
12 Morro Bay Dr,Houses,Newport Beach,CA,"[{'bedroom_type': '4 Beds', 'price': '$9,500'}]","Newport Beach, CA 92625",https://www.apartments.com/12-morro-bay-dr-newport-beach-ca/4fe9lhl/,3 BAs,"4,063 Sq Ft","4,063",,Available Now,"$9,500",,,,,
24 Dogwood,Houses,Lake Forest,CA,"[{'bedroom_type': '4+ Beds', 'price': '$4,680'}]","Lake Forest, CA 92630",https://www.apartments.com/24-dogwood-lake-forest-ca/bzlkpt8/,6 BAs,"3,453 Sq Ft","3,453",,Available Now,,,"$4,680",,,
24961 CA-74,Houses,Perris,CA,"[{'bedroom_type': '3 Beds', 'price': '$1,600'}]","Perris, CA 92570",https://www.apartments.com/24961-ca-74-perris-ca/mdz5hfk/,2 BAs,"1,200 Sq Ft","1,200",,Available Now,,"$1,600",,,,
11865 Ambrosio Dr,Houses,Desert Hot Springs,CA,"[{'bedroom_type': '3 Beds', 'price': '$1,595'}]","Desert Hot Springs, CA 92240",https://www.apartments.com/11865-ambrosio-dr-desert-hot-springs-ca/9xqc657/,2 BAs,"1,260 Sq Ft","1,260",,Available Now,,"$1,595",,,,
565 Walnut Ave,Houses,Redlands,CA,"[{'bedroom_type': '3 Beds', 'price': '$3,200'}]","Redlands, CA 92373",https://www.apartments.com/565-walnut-ave-redlands-ca/jxh6jh4/,2 BAs,"2,200 Sq Ft","2,200",,Available Now,,"$3,200",,,,
46011 Sandia Creek Dr,Houses,Temecula,CA,"[{'bedroom_type': '3 Beds', 'price': '$2,750'}]","Temecula, CA 92590",https://www.apartments.com/46011-sandia-creek-dr-temecula-ca/9tllmy4/,2 BAs,"1,344 Sq Ft","1,344",,Available Now,,"$2,750",,,,
1155 West St,Houses,Morro Bay,CA,"[{'bedroom_type': '4 Beds', 'price': '$10,000'}]","Morro Bay, CA 93442",https://www.apartments.com/1155-west-st-morro-bay-ca/nhhbfpq/,4 BAs,"3,611 Sq Ft","3,611",,Available Now,"$10,000",,,,,
35700 Trabuco Dr,Houses,Lake Elsinore,CA,"[{'bedroom_type': '4+ Beds', 'price': '$4,595'}]","Lake Elsinore, CA 92530",https://www.apartments.com/35700-trabuco-dr-lake-elsinore-ca/5kfvm1m/,5 BAs,"4,200 Sq Ft","4,200",,Available Now,,,"$4,595",,,
24180 Cresta Dr,Houses,Crestline,CA,"[{'bedroom_type': '3 Beds', 'price': '$2,500'}]","Crestline, CA 92325",https://www.apartments.com/24180-cresta-dr-crestline-ca/t9nc1b9/,4 BAs,"1,792 Sq Ft","1,792",,Available Now,,"$2,500",,,,
185 Janzen Way,Houses,Hemet,CA,"[{'bedroom_type': '2 Beds', 'price': '$1,750'}]","Hemet, CA 92545",https://www.apartments.com/185-janzen-way-hemet-ca/cd1zn4e/,2 BAs,"1,761 Sq Ft","1,761",,Available Now,,,,"$1,750",,
2495 Riviera Dr,Houses,Laguna Beach,CA,"[{'bedroom_type': '4+ Beds', 'price': '$95,000'}]","Laguna Beach, CA 92651",https://www.apartments.com/2495-riviera-dr-laguna-beach-ca/r1mvq91/,9 BAs,"7,200 Sq Ft","7,200",,Available Now,,,"$95,000",,,
4 Volanta Ct,Houses,Rancho Mission Viejo,CA,"[{'bedroom_type': '4 Beds', 'price': '$5,495'}]","Rancho Mission Viejo, CA 92694",https://www.apartments.com/4-volanta-ct-rancho-mission-viejo-ca/3rk4q4e/,5 BAs,"3,184 Sq Ft","3,184",,Available Now,"$5,495",,,,,
2041 St Bernard Dr,Houses,Frazier Park,CA,"[{'bedroom_type': '3 Beds', 'price': '$2,400'}]","Frazier Park, CA 93225",https://www.apartments.com/2041-st-bernard-dr-frazier-park-ca/ky19eqc/,3 BAs,"2,389 Sq Ft","2,389",,Available Now,,"$2,400",,,,
Sacramento,Houses,CA,95815,"[{'bedroom_type': '2 Beds', 'price': '$1,500'}]","Sacramento, CA 95815",https://www.apartments.com/3211-pamela-dr-sacramento-ca/cqnfg1e/,1 BA,"1,000 Sq Ft","1,000",,Available Now,,,,"$1,500",,
Merced,Houses,CA,95348,"[{'bedroom_type': '3 Beds', 'price': '$1,600'}]","Merced, CA 95348",https://www.apartments.com/1199-paseo-verde-dr-merced-ca/kszfzzc/,2 BAs,"1,840 Sq Ft","1,840",,Available Now,,"$1,600",,,,
Fairfield,Houses,CA,94534,"[{'bedroom_type': '2 Beds', 'price': '$2,400'}]","Fairfield, CA 94534",https://www.apartments.com/2092-bridgeport-ave-fairfield-ca/dkh77el/,1½ BAs,"1,200 Sq Ft","1,200",12 Month Lease,Available Now,,,,"$2,400",,
Atascadero,Houses,CA,93422,"[{'bedroom_type': '3 Beds', 'price': '$2,100'}]","Atascadero, CA 93422",https://www.apartments.com/8555-el-centro-rd-atascadero-ca/dcnpcrk/,2 BAs,"1,700 Sq Ft","1,700",6 Month Lease,Available Now,,"$2,100",,,,
Paso Robles,Houses,CA,93446,"[{'bedroom_type': '3 Beds', 'price': '$2,200'}]","Paso Robles, CA 93446",https://www.apartments.com/530-peachy-ct-paso-robles-ca/g93xpnw/,2 BAs,"1,550 Sq Ft","1,550",12 Month Lease,Aug 1,,"$2,200",,,,
Templeton,Houses,CA,93465,"[{'bedroom_type': '3 Beds', 'price': '$2,500'}]","Templeton, CA 93465",https://www.apartments.com/52-sunnyside-dr-templeton-ca/p62dycs/,2 BAs,"2,200 Sq Ft","2,200",12 Month Lease,Jul 15,,"$2,500",,,,
Modesto,Houses,CA,95355,"[{'bedroom_type': '3 Beds', 'price': '$1,850'}]","Modesto, CA 95355",https://www.apartments.com/4312-e-orangeburg-ave-modesto-ca/z4jpc4w/,2 BAs,"1,575 Sq Ft","1,575",12 Month Lease,Available Now,,"$1,850",,,,
Yucca Valley,Houses,CA,92284,"[{'bedroom_type': '1 Bed', 'price': '$900'}]","Yucca Valley, CA 92284",https://www.apartments.com/7036-scarvan-rd-yucca-valley-ca/p6mel5r/,1 BA,624 Sq Ft,624,12 Month Lease,Available Now,,,,,$900,
Fresno,Houses,CA,93730,"[{'bedroom_type': '3 Beds', 'price': '$1,650'}]","Fresno, CA 93730",https://www.apartments.com/10266-sierra-vista-n-ave-fresno-ca/gj0nvpy/,2 BAs,"1,458 Sq Ft","1,458",12 Month Lease,Available Now,,"$1,650",,,,
Desert Hot Springs,Houses,CA,92241,"[{'bedroom_type': '1 Bed', 'price': '$900'}]","Desert Hot Springs, CA 92241",https://www.apartments.com/74711-dillon-rd-desert-hot-springs-ca/gn9q2ww/,1 BA,400 Sq Ft,400,6 Month Lease,Available Now,,,,,$900,
Morgan Hill,Houses,CA,95037,"[{'bedroom_type': '4+ Beds', 'price': '$4,800'}]","Morgan Hill, CA 95037",https://www.apartments.com/1600-seville-dr-morgan-hill-ca/lvpdeef/,3 BAs,"3,000 Sq Ft","3,000",12 Month Lease,Available Now,,,"$4,800",,,
Los Angeles,Houses,CA,90059,"[{'bedroom_type': '2 Beds', 'price': '$2,000'}]","11815 Compton Ave, Los Angeles, CA 90059",https://www.apartments.com/11815-compton-ave-los-angeles-ca/l6spxwf/,1 BA,"1,000 Sq Ft","1,000",12 Month Lease,Available Now,,,,"$2,000",,
Alameda,Houses,CA,94502,"[{'bedroom_type': '3 Beds', 'price': '$4,800'}]","Alameda, CA 94502",https://www.apartments.com/427-indian-bay-alameda-ca/vflx7kf/,2½ BAs,"1,691 Sq Ft","1,691",12 Month Lease,Available Now,,"$4,800",,,,
Rohnert Park,Houses,CA,94928,"[{'bedroom_type': '4+ Beds', 'price': '$4,300'}]","Rohnert Park, CA 94928",https://www.apartments.com/7680-blair-ave-rohnert-park-ca/y3y72tt/,4 BAs,"2,640 Sq Ft","2,640",12 Month Lease,Aug 1,,,"$4,300",,,
Lafayette,Houses,CA,94549,"[{'bedroom_type': '4 Beds', 'price': '$5,415'}]","Lafayette, CA 94549",https://www.apartments.com/3359-mildred-ln-lafayette-ca/lmv14tg/,3 BAs,"2,109 Sq Ft","2,109",12 Month Lease,Available Now,"$5,415",,,,,
Stanton,Houses,CA,90680,"[{'bedroom_type': '4 Beds', 'price': '$3,000'}]","Stanton, CA 90680",https://www.apartments.com/10231-lotus-ct-stanton-ca/kmvg688/,2½ BAs,"1,600 Sq Ft","1,600",12 Month Lease,Available Now,"$3,000",,,,,
Idyllwild-Pine Cove,Houses,CA,92549,"[{'bedroom_type': '2 Beds', 'price': '$1,375'}]","Idyllwild-Pine Cove, CA 92549",https://www.apartments.com/24855-marion-ridge-dr-idyllwild-pine-cove-ca/bfpw4e8/,2 BAs,"1,064 Sq Ft","1,064",,Available Now,,,,"$1,375",,
Los Angeles,Houses,CA,91405,"[{'bedroom_type': '4 Beds', 'price': '$4,200'}]","14722 Marie Ln, Los Angeles, CA 91405",https://www.apartments.com/14722-marie-ln-los-angeles-ca/02j2jj3/,3½ BAs,"2,000 Sq Ft","2,000",12 Month Lease,Available Now,"$4,200",,,,,
Alameda,Houses,CA,94502,"[{'bedroom_type': '3 Beds', 'price': '$5,300'}]","Alameda, CA 94502",https://www.apartments.com/68-vista-rd-alameda-ca/zwr3rey/,2½ BAs,"1,836 Sq Ft","1,836",11 Month Lease,Available Now,,"$5,300",,,,
Redwood City,Houses,CA,94062,"[{'bedroom_type': '3 Beds', 'price': '$4,800'}]","Redwood City, CA 94062",https://www.apartments.com/3571-altamont-way-redwood-city-ca/bvz8ke8/,2 BAs,"1,670 Sq Ft","1,670",12 Month Lease,Available Now,,"$4,800",,,,
Oroville,Houses,CA,95966,"[{'bedroom_type': '4 Beds', 'price': '$1,700'}]","Oroville, CA 95966",https://www.apartments.com/38-naranja-ave-oroville-ca/lpbe6rg/,2 BAs,"1,800 Sq Ft","1,800",,Available Now,"$1,700",,,,,
Novato,Houses,CA,94945,"[{'bedroom_type': '4 Beds', 'price': '$3,700'}]","Novato, CA 94945",https://www.apartments.com/385-san-marin-dr-novato-ca/6e5hx0r/,2 BAs,"1,971 Sq Ft","1,971",,Available Now,"$3,700",,,,,
Lake Arrowhead,Houses,CA,92352,"[{'bedroom_type': '3 Beds', 'price': '$2,400'}]","Lake Arrowhead, CA 92352",https://www.apartments.com/736-brentwood-dr-lake-arrowhead-ca/vkec8ke/,2 BAs,"1,396 Sq Ft","1,396",6 Month Lease,Available Now,,"$2,400",,,,
Oroville,Houses,CA,95966,"[{'bedroom_type': '3 Beds', 'price': '$1,000'}]","Oroville, CA 95966",https://www.apartments.com/3250-spencer-ave-oroville-ca/9ypn3f4/,1 BA,860 Sq Ft,860,,Available Now,,"$1,000",,,,
Elk Grove,Houses,CA,95758,"[{'bedroom_type': '3 Beds', 'price': '$2,995'}]","Elk Grove, CA 95758",https://www.apartments.com/5104-laguna-woods-dr-elk-grove-ca/h12lc50/,3 BAs,"3,045 Sq Ft","3,045",12 Month Lease,Available Now,,"$2,995",,,,
Templeton,Houses,CA,93465,"[{'bedroom_type': '4 Beds', 'price': '$2,575'}]","Templeton, CA 93465",https://www.apartments.com/1150-megan-ct-templeton-ca/2726gd9/,2½ BAs,"2,450 Sq Ft","2,450",36 Month Lease,Jul 15,"$2,575",,,,,
Stockton,Houses,CA,95207,"[{'bedroom_type': '2 Beds', 'price': '$1,605'}]","Stockton, CA 95207",https://www.apartments.com/2656-michaelangelo-dr-stockton-ca/yx6rmnt/,2 BAs,"1,195 Sq Ft","1,195",1 Month Lease,Available Now,,,,"$1,605",,
Pleasanton,Houses,CA,94566,"[{'bedroom_type': '3 Beds', 'price': '$4,900'}]","Pleasanton, CA 94566",https://www.apartments.com/1433-freeman-ln-pleasanton-ca/z4mfksx/,3½ BAs,"3,100 Sq Ft","3,100",12 Month Lease,Available Now,,"$4,900",,,,
Fairfield,Houses,CA,94534,"[{'bedroom_type': '3 Beds', 'price': '$2,899'}]","Fairfield, CA 94534",https://www.apartments.com/568-barbaresco-ct-fairfield-ca/tn84eb8/,2½ BAs,"2,008 Sq Ft","2,008",,Available Now,,"$2,899",,,,
Victorville,Houses,CA,92395,"[{'bedroom_type': '4 Beds', 'price': '$2,300'}]","Victorville, CA 92395",https://www.apartments.com/13515-anchor-dr-victorville-ca/fvzsyfr/,3 BAs,"2,083 Sq Ft","2,083",,Available Now,"$2,300",,,,,
