2 beds,City_Rent,Type,State_Rent,Zip_code,Full_Address,Rent_link,Bath_Info,Square_Feet_Data,Square_Feet,1 bed,3 beds,4 beds,6 beds
3000,Avila Beach,Townhomes,CA,93424,"210 Laurel St Avila Beach, CA 93424",https://www.apartments.com/210-laurel-st-avila-beach-ca/rm9vkl3/,1 bath,750 sq ft,750,,,,
,Whittier,Townhomes,CA,90605,"11814 Newgate Ave Whittier, CA 90605",https://www.apartments.com/11814-newgate-ave-whittier-ca/hhtgmh2/,1 bath,535 sq ft,535,1495,,,
2750,Los Angeles,Townhomes,CA,90036,"509 N Vista St Los Angeles, CA 90036",https://www.apartments.com/509-n-vista-st-los-angeles-ca/416fmxl/,1 bath,"1,300 sq ft","1,300",,,,
4995,Laguna Beach,Townhomes,CA,92651,"2838 Wards Terrace Laguna Beach, CA 92651",https://www.apartments.com/2838-wards-terrace-laguna-beach-ca/ydctyxt/,1 bath,"1,000 sq ft","1,000",,,,
,Lower Lake,Townhomes,CA,95457,"5140 Panorama Rd Lower Lake, CA 95457",https://www.apartments.com/5140-panorama-rd-lower-lake-ca/2pyq738/,5 baths,"2,239 sq ft","2,239",,2500,,
,Pacifica,Townhomes,CA,94044,"402 Lewis Ln Pacifica, CA 94044",https://www.apartments.com/402-lewis-ln-pacifica-ca/n8dbj9n/,2 baths,"1,200 sq ft","1,200",,3230,,
,Encinitas,Townhomes,CA,92007,"2489 Oxford Ave Encinitas, CA 92007",https://www.apartments.com/2489-oxford-ave-encinitas-ca/c0exg4g/,3 baths,"1,392 sq ft","1,392",,5500,,
3995,Coto de Caza,Townhomes,CA,92679,"28 Bogey Ln Coto de Caza, CA 92679",https://www.apartments.com/28-bogey-ln-coto-de-caza-ca/56z1zsn/,2 baths,"2,046 sq ft","2,046",,,,
2700,Walnut,Townhomes,CA,91789,"635 Alder Ln Walnut, CA 91789",https://www.apartments.com/635-alder-ln-walnut-ca/7dl2f0y/,3 baths,"1,368 sq ft","1,368",,,,
2750,Redondo Beach,Townhomes,CA,90278,"1922 Curtis Ave Redondo Beach, CA 90278",https://www.apartments.com/1922-curtis-ave-redondo-beach-ca/cr9z6gd/,1 bath,"1,000 sq ft","1,000",,,,
1995,Los Angeles,Townhomes,CA,91406,"7308 Haskell Ave Los Angeles, CA 91406",https://www.apartments.com/7308-haskell-ave-los-angeles-ca/ceh2k1d/,1.5 baths,"1,017 sq ft","1,017",,,,
3950,Mountain View,Townhomes,CA,94043,"1993 Plymouth St Mountain View, CA 94043",https://www.apartments.com/1993-plymouth-st-mountain-view-ca/y0z0pbr/,2.5 baths,"1,275 sq ft","1,275",,,,
4500,Palo Alto,Townhomes,CA,94301,"834 Ramona St Palo Alto, CA 94301",https://www.apartments.com/834-ramona-st-palo-alto-ca/d22h3nj/,2 baths,"1,200 sq ft","1,200",,,,
,La Mesa,Townhomes,CA,91942,"5800 Lake Murray Blvd La Mesa, CA 91942",https://www.apartments.com/5800-lake-murray-blvd-la-mesa-ca/rxj3d40/,2.5 baths,"1,554 sq ft","1,554",,2650,,
,Azusa,Townhomes,CA,91702,"867 East Mountain Way Azusa, CA 91702",https://www.apartments.com/867-east-mountain-way-azusa-ca/khl45j9/,3 baths,"2,005 sq ft","2,005",,,3200,
,San Clemente,Townhomes,CA,92672,"803 Calle Puente San Clemente, CA 92672",https://www.apartments.com/803-calle-puente-san-clemente-ca/mdpbn3k/,1 bath,750 sq ft,750,2350,,,
,San Jose,Townhomes,CA,95129,"4464 Openmeadow Ct San Jose, CA 95129",https://www.apartments.com/4464-openmeadow-ct-san-jose-ca/geh87zw/,2.5 baths,"1,489 sq ft","1,489",,,3750,
,Los Angeles,Townhomes,CA,91042,"9951 Marcus Ave Los Angeles, CA 91042",https://www.apartments.com/9951-marcus-ave-los-angeles-ca/b2s328b/,2 baths,"1,430 sq ft","1,430",,3100,,
2750,Carlsbad,Townhomes,CA,92010,"2589 Regent Rd Carlsbad, CA 92010",https://www.apartments.com/2589-regent-rd-carlsbad-ca/v0yc5bf/,2 baths,"1,201 sq ft","1,201",,,,
,Thousand Oaks,Townhomes,CA,91320,"1128 Amberton Ln Thousand Oaks, CA 91320",https://www.apartments.com/1128-amberton-ln-thousand-oaks-ca/jpf8hh6/,2.5 baths,"1,671 sq ft","1,671",,3200,,
,Murrieta,Townhomes,CA,92562,"41524 Blue Canyon Ave Murrieta, CA 92562",https://www.apartments.com/41524-blue-canyon-ave-murrieta-ca/wrcvzwl/,3 baths,"1,548 sq ft","1,548",,2600,,
2450,Thousand Oaks,Townhomes,CA,91320,"702 Blue Oak Ave Thousand Oaks, CA 91320",https://www.apartments.com/702-blue-oak-ave-thousand-oaks-ca/v8867re/,2 baths,"1,242 sq ft","1,242",,,,
2100,Seal Beach,Townhomes,CA,90740,"209 4th St Seal Beach, CA 90740",https://www.apartments.com/209-4th-st-seal-beach-ca/97pmhx7/,1 bath,700 sq ft,700,,,,
,Monrovia,Townhomes,CA,91016,"235 E Maple Ave Monrovia, CA 91016",https://www.apartments.com/235-e-maple-ave-monrovia-ca/rxvwqm3/,2 baths,"1,484 sq ft","1,484",,3300,,
,Ladera Ranch,Townhomes,CA,92694,"9 Lansdale Ct Ladera Ranch, CA 92694",https://www.apartments.com/9-lansdale-ct-ladera-ranch-ca/0c47wx2/,3 baths,"1,804 sq ft","1,804",,,3650,
,Newport Beach,Townhomes,CA,92662,"133 Agate Ave Newport Beach, CA 92662",https://www.apartments.com/133-agate-ave-newport-beach-ca/11gwpc5/,1 bath,700 sq ft,700,4000,,,
3000,Los Angeles,Townhomes,CA,91405,"6624 Kester Ave Los Angeles, CA 91405",https://www.apartments.com/6624-kester-ave-los-angeles-ca/rz4xnd0/,1 bath,"1,200 sq ft","1,200",,,,
,Fullerton,Townhomes,CA,92831,"2953 Pembroke Ct Fullerton, CA 92831",https://www.apartments.com/2953-pembroke-ct-fullerton-ca/26jr2wb/,2.5 baths,"1,652 sq ft","1,652",,3000,,
2600,Rancho Santa Margarita,Townhomes,CA,92688,"55 Santa Loretta Rancho Santa Margarita, CA 92688",https://www.apartments.com/55-santa-loretta-rancho-santa-margarita-ca/30cwtke/,3 baths,"1,225 sq ft","1,225",,,,
,Newport Beach,Townhomes,CA,92625,"421 Orchid Ave Newport Beach, CA 92625",https://www.apartments.com/421-orchid-ave-newport-beach-ca/7jgrv9x/,3 baths,"1,343 sq ft","1,343",,5800,,
,Newport Beach,Townhomes,CA,92662,"133 Agate Ave Newport Beach, CA 92662",https://www.apartments.com/133-agate-ave-newport-beach-ca/fxxcq9r/,3 baths,"1,700 sq ft","1,700",,13000,,
3250,Morgan Hill,Townhomes,CA,95037,"17170 Creekside Cir Morgan Hill, CA 95037",https://www.apartments.com/17170-creekside-cir-morgan-hill-ca/ssc2xh5/,2.5 baths,"1,613 sq ft","1,613",,,,
3200,Fountain Valley,Townhomes,CA,92708,"9921 Trower Ct Fountain Valley, CA 92708",https://www.apartments.com/9921-trower-ct-fountain-valley-ca/3v9l2xg/,3 baths,"1,690 sq ft","1,690",,,,
,Santa Clara,Townhomes,CA,95054,"4390 Rivermark Pky Santa Clara, CA 95054",https://www.apartments.com/4390-rivermark-pky-santa-clara-ca/2703hkb/,2.5 baths,"1,894 sq ft","1,894",,4095,,
,San Clemente,Townhomes,CA,92672,"7 Vista Encanta San Clemente, CA 92672",https://www.apartments.com/7-vista-encanta-san-clemente-ca/q99sfdz/,3 baths,"1,496 sq ft","1,496",,3200,,
,Carlsbad,Townhomes,CA,92009,"6074 Colt Pl Carlsbad, CA 92009",https://www.apartments.com/6074-colt-pl-carlsbad-ca/2ykft1c/,3 baths,"1,731 sq ft","1,731",,4750,,
3200,Dana Point,Townhomes,CA,92629,"33932 La Serena Dr Dana Point, CA 92629",https://www.apartments.com/33932-la-serena-dr-dana-point-ca/fez2sdt/,2 baths,"1,218 sq ft","1,218",,,,
,Moraga,Townhomes,CA,94556,"455 Chalda Way Moraga, CA 94556",https://www.apartments.com/455-chalda-way-moraga-ca/r99v5n3/,2 baths,"1,322 sq ft","1,322",,3495,,
,Burlingame,Townhomes,CA,94010,"1218 Bellevue Ave Burlingame, CA 94010",https://www.apartments.com/1218-bellevue-ave-burlingame-ca/7et3c3x/,1 bath,635 sq ft,635,2550,,,
,San Jose,Townhomes,CA,95125,"2066 Almaden Rd San Jose, CA 95125",https://www.apartments.com/2066-almaden-rd-san-jose-ca/00x2cz0/,3.5 baths,"1,792 sq ft","1,792",,3500,,
3990,Belmont,Townhomes,CA,94002,"200 Live Oak Way Belmont, CA 94002",https://www.apartments.com/200-live-oak-way-belmont-ca/mhzpchh/,2.5 baths,"1,496 sq ft","1,496",,,,
,Escondido,Townhomes,CA,92027,"415 Nantucket Glen Escondido, CA 92027",https://www.apartments.com/415-nantucket-glen-escondido-ca/59c8pzn/,2 baths,"1,000 sq ft","1,000",,2500,,
2450,San Diego,Townhomes,CA,92123,"8882 Spectrum Center Blvd San Diego, CA 92123",https://www.apartments.com/8882-spectrum-center-blvd-san-diego-ca/00m53e2/,2 baths,"1,008 sq ft","1,008",,,,
2300,Signal Hill,Townhomes,CA,90755,"3229 Lewis Ave Signal Hill, CA 90755",https://www.apartments.com/3229-lewis-ave-signal-hill-ca/x42gwfm/,1 bath,800 sq ft,800,,,,
,Thousand Oaks,Townhomes,CA,91320,"4797 Via Altamira Thousand Oaks, CA 91320",https://www.apartments.com/4797-via-altamira-thousand-oaks-ca/mec6r9l/,2.5 baths,"1,597 sq ft","1,597",,3500,,
,Oak Park,Townhomes,CA,91377,"942 Thistlegate Rd Oak Park, CA 91377",https://www.apartments.com/942-thistlegate-rd-oak-park-ca/sjsjmb6/,2.5 baths,"1,769 sq ft","1,769",,3750,,
5500,Beverly Hills,Townhomes,CA,90212,"9936 Durant Dr Beverly Hills, CA 90212",https://www.apartments.com/9936-durant-dr-beverly-hills-ca/zg0sqty/,2.5 baths,"2,000 sq ft","2,000",,,,
,West Covina,Townhomes,CA,91790,"1814 Seattle St West Covina, CA 91790",https://www.apartments.com/1814-seattle-st-west-covina-ca/y1300ws/,3 baths,"1,189 sq ft","1,189",,2750,,
,Ontario,Townhomes,CA,91762,"3240 Midsummer Privado Ontario, CA 91762",https://www.apartments.com/3240-midsummer-privado-ontario-ca/rzv6pf3/,3 baths,"1,578 sq ft","1,578",,2600,,
,South El Monte,Townhomes,CA,91733,"1 R W Cole Dr South El Monte, CA 91733",https://www.apartments.com/1-r-w-cole-dr-south-el-monte-ca/e129rqq/,4 baths,"1,847 sq ft","1,847",,,2850,
,Newport Beach,Townhomes,CA,92625,"617 Iris Ave Newport Beach, CA 92625",https://www.apartments.com/617-iris-ave-newport-beach-ca/9h6esd7/,3 baths,"1,910 sq ft","1,910",,,15000,
2100,Norwalk,Townhomes,CA,90650,"11414 Excelsior Dr Norwalk, CA 90650",https://www.apartments.com/11414-excelsior-dr-norwalk-ca/n39jtep/,1 bath,"1,556 sq ft","1,556",,,,
,Anaheim,Townhomes,CA,92806,"382 N Vía Milano Anaheim, CA 92806",https://www.apartments.com/382-n-via-milano-anaheim-ca/3ykzsze/,2 baths,"1,347 sq ft","1,347",,3000,,
,Norwalk,Townhomes,CA,90650,"12235 Pine St Norwalk, CA 90650",https://www.apartments.com/12235-pine-st-norwalk-ca/wz2x40h/,3 baths,"1,212 sq ft","1,212",,2700,,
,Long Beach,Townhomes,CA,90807,"230 E Bixby Rd Long Beach, CA 90807",https://www.apartments.com/230-e-bixby-rd-long-beach-ca/lmen79e/,1 bath,"1,528 sq ft","1,528",,3500,,
,El Monte,Townhomes,CA,91731,"11115 Kauffman St El Monte, CA 91731",https://www.apartments.com/11115-kauffman-st-el-monte-ca/3zv7f3e/,5 baths,"2,274 sq ft","2,274",,,,2900
2700,Huntington Beach,Townhomes,CA,92646,"18632 Demion Ln Huntington Beach, CA 92646",https://www.apartments.com/18632-demion-ln-huntington-beach-ca/ktjs1jc/,2 baths,"1,000 sq ft","1,000",,,,
3400,Huntington Beach,Townhomes,CA,92649,"4200 Delphi Cir Huntington Beach, CA 92649",https://www.apartments.com/4200-delphi-cir-huntington-beach-ca/f7sh60v/,3 baths,"1,707 sq ft","1,707",,,,
,Aliso Viejo,Townhomes,CA,92656,"11 Empire Dr Aliso Viejo, CA 92656",https://www.apartments.com/11-empire-dr-aliso-viejo-ca/0wmynd2/,3 baths,"1,605 sq ft","1,605",,3400,,
4900,Huntington Beach,Townhomes,CA,92648,"19595 Oakdale Ln Huntington Beach, CA 92648",https://www.apartments.com/19595-oakdale-ln-huntington-beach-ca/0wvhdm0/,3 baths,"2,189 sq ft","2,189",,,,
,Redondo Beach,Townhomes,CA,90277,"620 S Catalina Ave Redondo Beach, CA 90277",https://www.apartments.com/620-s-catalina-ave-redondo-beach-ca/gmgv8cx/,3 baths,"1,900 sq ft","1,900",,4500,,
,Fremont,Townhomes,CA,94555,"5981 Tan Oak Dr Fremont, CA 94555",https://www.apartments.com/5981-tan-oak-dr-fremont-ca/10gw155/,3.5 baths,"1,481 sq ft","1,481",,3500,,
2050,Glendale,Townhomes,CA,91203,"410 Myrtle St Glendale, CA 91203",https://www.apartments.com/410-myrtle-st-glendale-ca/6rb8hjr/,1.5 baths,800 sq ft,800,,,,
3000,Occidental,Townhomes,CA,95465,"14637 Jomark Ln Occidental, CA 95465",https://www.apartments.com/14637-jomark-ln-occidental-ca/1ep2jh4/,2.5 baths,"1,560 sq ft","1,560",,,,
,Novato,Townhomes,CA,94945,"736 Walnut Ct Novato, CA 94945",https://www.apartments.com/736-walnut-ct-novato-ca/z5m6gdy/,2.5 baths,"1,835 sq ft","1,835",,,4000,
,Rohnert Park,Townhomes,CA,94928,"7 Meridian Cir Rohnert Park, CA 94928",https://www.apartments.com/7-meridian-cir-rohnert-park-ca/g6tpd8z/,2.5 baths,"1,289 sq ft","1,289",,2950,,
,Westlake Village,Townhomes,CA,91361,"1241 Landsburn Cir Westlake Village, CA 91361",https://www.apartments.com/1241-landsburn-cir-westlake-village-ca/rdzjne1/,2 baths,"1,020 sq ft","1,020",,3250,,
1850,Guerneville,Townhomes,CA,95446,"15101 Canyon 2 Rd Guerneville, CA 95446",https://www.apartments.com/15101-canyon-2-rd-guerneville-ca/c295qbg/,1 bath,900 sq ft,900,1300,,,
,El Monte,Townhomes,CA,91733,"1831 Fruitvale Ave El Monte, CA 91733",https://www.apartments.com/1831-fruitvale-ave-el-monte-ca/ql21d5y/,3 baths,"1,704 sq ft","1,704",,3000,,
2600,Rancho Cucamonga,Townhomes,CA,91730,"8351 Elm Ave Rancho Cucamonga, CA 91730",https://www.apartments.com/8351-elm-ave-rancho-cucamonga-ca/05vdkx2/,3 baths,"1,561 sq ft","1,561",,,,
2700,Montebello,Townhomes,CA,90640,"323 Mission Rd Montebello, CA 90640",https://www.apartments.com/323-mission-rd-montebello-ca/ghesg7z/,3 baths,"1,360 sq ft","1,360",,,,
2600,Laguna Woods,Townhomes,CA,92637,"2158 Via Mariposa E Laguna Woods, CA 92637",https://www.apartments.com/2158-via-mariposa-e-laguna-woods-ca/wnrhkmk/,2 baths,"1,334 sq ft","1,334",,,,
1595,Loma Linda,Townhomes,CA,92354,"24599 Richman Dr Loma Linda, CA 92354",https://www.apartments.com/24599-richman-dr-loma-linda-ca/11zrzj5/,1 bath,850 sq ft,850,,,,
2600,Rancho Cucamonga,Townhomes,CA,91730,"7353 Ellena W Rancho Cucamonga, CA 91730",https://www.apartments.com/7353-ellena-w-rancho-cucamonga-ca/6cht88s/,2 baths,"1,304 sq ft","1,304",,,,
,Laguna Beach,Townhomes,CA,92651,"487 Myrtle St Laguna Beach, CA 92651",https://www.apartments.com/487-myrtle-st-laguna-beach-ca/22r39s9/,3 baths,"3,151 sq ft","3,151",,,18000,
2850,Aliso Viejo,Townhomes,CA,92656,"76 Meadowood Aliso Viejo, CA 92656",https://www.apartments.com/76-meadowood-aliso-viejo-ca/re70593/,3 baths,"1,302 sq ft","1,302",,,,
,Sunnyvale,Townhomes,CA,94087,"564 Manet Terrace Sunnyvale, CA 94087",https://www.apartments.com/564-manet-terrace-sunnyvale-ca/hew3kz1/,2.5 baths,"1,522 sq ft","1,522",,3900,,
2785,San Diego,Townhomes,CA,92124,"6131 Calle Mariselda San Diego, CA 92124",https://www.apartments.com/6131-calle-mariselda-san-diego-ca/hyh0bk3/,2.5 baths,"1,164 sq ft","1,164",,,,
2995,San Diego,Townhomes,CA,92127,"16912 Laurel Hill Ln San Diego, CA 92127",https://www.apartments.com/16912-laurel-hill-ln-san-diego-ca/f37yz2r/,2.5 baths,"1,445 sq ft","1,445",,,,
2690,Imperial Beach,Townhomes,CA,91932,"579 12th St Imperial Beach, CA 91932",https://www.apartments.com/579-12th-st-imperial-beach-ca/dzhs8dj/,2.5 baths,"1,290 sq ft","1,290",,,,
4800,Palm Desert,Townhomes,CA,92211,"38533 Nasturtium Way Palm Desert, CA 92211",https://www.apartments.com/38533-nasturtium-way-palm-desert-ca/4rnt4vj/,2 baths,"1,555 sq ft","1,555",,,,
,San Jose,Townhomes,CA,95116,"442 S 22nd St San Jose, CA 95116",https://www.apartments.com/442-s-22nd-st-san-jose-ca/rqrfsh2/,3.5 baths,"1,917 sq ft","1,917",,,4250,
,Camarillo,Townhomes,CA,93010,"663 Earl Joseph Dr Camarillo, CA 93010",https://www.apartments.com/663-earl-joseph-dr-camarillo-ca/p4q9m6t/,3.5 baths,"1,838 sq ft","1,838",,,4300,
2500,San Diego,Townhomes,CA,92114,"7525 Jamacha Rd San Diego, CA 92114",https://www.apartments.com/7525-jamacha-rd-san-diego-ca/2gcykrc/,2 baths,"1,022 sq ft","1,022",,,,
,Laguna Niguel,Townhomes,CA,92677,"29372 Via Napoli Laguna Niguel, CA 92677",https://www.apartments.com/29372-via-napoli-laguna-niguel-ca/zjm0dew/,3 baths,"1,630 sq ft","1,630",,3800,,
,Eastvale,Townhomes,CA,91752,"12448 Constellation St Eastvale, CA 91752",https://www.apartments.com/12448-constellation-st-eastvale-ca/ev6lw0p/,5 baths,"1,668 sq ft","1,668",,,3000,
3000,Encinitas,Townhomes,CA,92024,"215 Fairlee Ln Encinitas, CA 92024",https://www.apartments.com/215-fairlee-ln-encinitas-ca/615bh2s/,2 baths,"1,056 sq ft","1,056",,,,
,Redlands,Townhomes,CA,92373,"1510 Orange Ave Redlands, CA 92373",https://www.apartments.com/1510-orange-ave-redlands-ca/qdx9ffx/,3 baths,"1,693 sq ft","1,693",,2650,,
1550,Rialto,Townhomes,CA,92376,"1043 N Lilac Ave Rialto, CA 92376",https://www.apartments.com/1043-n-lilac-ave-rialto-ca/p26k0rs/,1 bath,900 sq ft,900,,,,
,Diamond Bar,Townhomes,CA,91765,"2920 Malaga Cir Diamond Bar, CA 91765",https://www.apartments.com/2920-malaga-cir-diamond-bar-ca/9fb7cg5/,3 baths,"2,010 sq ft","2,010",,,3580,
,Fontana,Townhomes,CA,92335,"16408 Valencia Ave Fontana, CA 92335",https://www.apartments.com/16408-valencia-ave-fontana-ca/4qm0h0l/,3 baths,"1,490 sq ft","1,490",,2600,,
,San Diego,Townhomes,CA,92127,"9841 Fieldthorn St San Diego, CA 92127",https://www.apartments.com/9841-fieldthorn-st-san-diego-ca/tktd778/,3 baths,"1,581 sq ft","1,581",,3400,,
,Rancho Santa Margarita,Townhomes,CA,92688,"12 Vía Barcelona Rancho Santa Margarita, CA 92688",https://www.apartments.com/12-via-barcelona-rancho-santa-margarita-ca/z9nldbz/,3 baths,"1,420 sq ft","1,420",,3500,,
,Diamond Bar,Townhomes,CA,91765,"3169 Marigold Cir Diamond Bar, CA 91765",https://www.apartments.com/3169-marigold-cir-diamond-bar-ca/jm0xsp4/,4 baths,"1,690 sq ft","1,690",,3000,,
,Los Angeles,Townhomes,CA,90006,"1143 Irolo St Los Angeles, CA 90006",https://www.apartments.com/1143-irolo-st-los-angeles-ca/rybfl63/,3 baths,"1,203 sq ft","1,203",,3600,,
3650,Anaheim,Townhomes,CA,92807,"755 S Paseo Prado Anaheim, CA 92807",https://www.apartments.com/755-s-paseo-prado-anaheim-ca/sj2pr64/,3 baths,"2,312 sq ft","2,312",,,,
,Brea,Townhomes,CA,92821,"420 Broadway Dr Brea, CA 92821",https://www.apartments.com/420-broadway-dr-brea-ca/jqdxty5/,4 baths,"1,625 sq ft","1,625",,3500,,